name,state,offset,size,sha256
live.pdf,live,1200128,434,413d160a9d46361b8ffa5902efc4e90e9970379f1f50dadb81b269a10bb2fdeb
live.png,live,1204224,106,788f99ee782957a28fde206d0a1621b1515ef48466a45a5c45c0e113e669be7c
secret.pdf,deleted,1208320,438,daa62a95531c54473ad982375b8df3d54fd24c13d49d5c9f92a0b2f4b7623aba
evidence.png,deleted,1212416,117,c6ccf20dbe13421da61f62d80343888314e4f4fa1bba1cf3a98a4ccfce8a6555
badge.gif,deleted,1216512,35,34e64f2b02b72cbf6873a21ef26b826b21024faa437564d14fd6558f94e7be0f
ledger.zip,deleted,1220608,164,f1d0fa0dac6d91209cb272feb607e8013ff3fca83c7a67d6f5285b54b4a5912e
photo.jpg,deleted,1224704,9032,56fc7c3226dc9495819e28851ac4abaa8e4c88303381dff38482d59ea61a5217
chat.db,deleted,1236992,8192,49013775dd91b66fef58238d92a2aac641baa886e4b09df20df1bed487e85164
memo.pdf,deleted,1245184,81,bfd82c7adf221fbc38679e897dc819039b219d0226723889e8f4f592246c51fa
orphan.pdf,orphan,1257472,433,411eef649efe2d04a7e7106113a1a2e88a6f4f27c463acab709a702af2f22ee5
orphan.png,orphan,1269760,125,9ccd5fac329d99589361560f84b076e97ae5877366852ecabe73c662faac19fd
orphan.zip,orphan,1282048,141,9c9dcfa5369ca599087b920476b1cdebf1b7cd4ac89a95c001b0f3b9a51497ae
orphan.gif,orphan,1294336,35,f46d7b55c5e1abd6763bda6d9c808727ea4e46c7d9e3180ac2363428559849d4
split.jpg,fragmented,1306624,12032,c0b908b75a3c7565b02965607689f8de68ae7ecfa84d3080c66cc65114e9f458
